{
  "properties": {
    "connectionReferences": {
      "shared_commondataserviceforapps": {
        "runtimeSource": "embedded",
        "connection": {
          "connectionReferenceLogicalName": "ya_sharedcommondataserviceforapps_dc7c8"
        },
        "api": {
          "name": "shared_commondataserviceforapps"
        }
      },
      "shared_msnweather": {
        "runtimeSource": "embedded",
        "connection": {
          "connectionReferenceLogicalName": "ya_sharedmsnweather_700a3"
        },
        "api": {
          "name": "shared_msnweather"
        }
      },
      "shared_teams": {
        "runtimeSource": "embedded",
        "connection": {
          "connectionReferenceLogicalName": "ya_sharedteams_aa5fa"
        },
        "api": {
          "name": "shared_teams"
        }
      }
    },
    "definition": {
      "$schema": "https://schema.management.azure.com/providers/Microsoft.Logic/schemas/2016-06-01/workflowdefinition.json#",
      "contentVersion": "1.0.0.0",
      "parameters": {
        "$connections": {
          "defaultValue": {},
          "type": "Object"
        },
        "$authentication": {
          "defaultValue": {},
          "type": "SecureObject"
        }
      },
      "triggers": {
        "日次処理（21時）": {
          "recurrence": {
            "frequency": "Day",
            "interval": 1,
            "timeZone": "Tokyo Standard Time",
            "startTime": "2023-01-28T21:00:00Z"
          },
          "metadata": {
            "operationMetadataId": "78fbcb8e-11ef-41b0-9c4e-94a1a199802d"
          },
          "type": "Recurrence"
        }
      },
      "actions": {
        "行を一覧にする": {
          "runAfter": {},
          "metadata": {
            "operationMetadataId": "98852211-b5cf-4373-b8ed-2c8d7f052669"
          },
          "type": "OpenApiConnection",
          "inputs": {
            "host": {
              "connectionName": "shared_commondataserviceforapps",
              "operationId": "ListRecords",
              "apiId": "/providers/Microsoft.PowerApps/apis/shared_commondataserviceforapps"
            },
            "parameters": {
              "entityName": "ya_kuusers",
              "$filter": "ya_upn ne null"
            },
            "authentication": "@parameters('$authentication')"
          }
        },
        "Apply_to_each": {
          "foreach": "@outputs('行を一覧にする')?['body/value']",
          "actions": {
            "明日の予報を取得する": {
              "runAfter": {},
              "metadata": {
                "operationMetadataId": "29fa8040-4985-44ee-82bc-5baa9f000384"
              },
              "type": "OpenApiConnection",
              "inputs": {
                "host": {
                  "connectionName": "shared_msnweather",
                  "operationId": "TomorrowsForecast",
                  "apiId": "/providers/Microsoft.PowerApps/apis/shared_msnweather"
                },
                "parameters": {
                  "Location": "@items('Apply_to_each')?['ya_query']",
                  "units": "Imperial"
                },
                "authentication": "@parameters('$authentication')"
              }
            },
            "条件": {
              "actions": {
                "セ氏最低気温": {
                  "runAfter": {},
                  "metadata": {
                    "operationMetadataId": "008c0681-0465-4a40-9dd1-5002e0a25208"
                  },
                  "type": "Compose",
                  "inputs": "@formatNumber(div(sub(outputs('明日の予報を取得する')?['body/responses/daily/tempLo'], 32), 1.8),'F1')",
                  "description": "formatNumber(div(sub(outputs('明日の予報を取得する')?['body/responses/daily/tempLo'], 32), 1.8),'F1')"
                },
                "チャットまたはチャネルでメッセージを投稿する": {
                  "runAfter": {
                    "セ氏最低気温": [
                      "Succeeded"
                    ]
                  },
                  "metadata": {
                    "operationMetadataId": "43933ad9-9c39-4969-b584-7791618b31b3"
                  },
                  "type": "OpenApiConnection",
                  "inputs": {
                    "host": {
                      "connectionName": "shared_teams",
                      "operationId": "PostMessageToConversation",
                      "apiId": "/providers/Microsoft.PowerApps/apis/shared_teams"
                    },
                    "parameters": {
                      "poster": "Flow bot",
                      "location": "Chat with Flow bot",
                      "body/recipient": "@{items('Apply_to_each')?['ya_upn']};",
                      "body/messageBody": "<p>水道管凍結の恐れがあります。<br>\n<br>\n最低気温: @{outputs('セ氏最低気温')}℃</p>"
                    },
                    "authentication": "@parameters('$authentication')"
                  }
                }
              },
              "runAfter": {
                "明日の予報を取得する": [
                  "Succeeded"
                ]
              },
              "expression": {
                "lessOrEquals": [
                  "@outputs('明日の予報を取得する')?['body/responses/daily/tempLo']",
                  24.8
                ]
              },
              "metadata": {
                "operationMetadataId": "ce28a073-2e67-40cb-b2c1-a82ca28ea4d2"
              },
              "type": "If"
            }
          },
          "runAfter": {
            "行を一覧にする": [
              "Succeeded"
            ]
          },
          "metadata": {
            "operationMetadataId": "49224f1d-61bc-4f40-94a5-f5a45f5d75bc"
          },
          "type": "Foreach"
        }
      }
    },
    "templateName": null
  },
  "schemaVersion": "1.0.0.0"
}